{"cameraMode":{"drawMode":0,"name":"Shaded","section":"Shading Mode"},"sceneLighting":true,"audioPlay":false,"sceneViewState":{"showFog":true,"showMaterialUpdate":false,"showSkybox":true,"showFlares":true,"showImageEffects":true,"showParticleSystems":true},"in2DMode":false,"pivot":{"x":6.0460405349731449,"y":8.744756698608399,"z":-64.25013732910156},"rotation":{"x":0.334484726190567,"y":0.6185199618339539,"z":-0.3279280364513397,"w":0.6308883428573608},"size":6.080502986907959,"orthographic":false}